,x
1,공급 감축 효과 볼까내년 하반기 반도체 반전 예고
2,美 본토 타격 과 김정은 둘째딸의 상관관계
3,화물연대국토부 파업 이후 첫 교섭
4,이원재 국토차관 건설산업 비상대책반 가동공급 차질 최소화
5,경찰 부산신항서 트레일러에 날아온 쇠구슬 발견감식수사 중
6,中 코로나 시위 전세계로 확산 주요 도시에서 지지시위
7,작년보다 20 가까이 늘어난 철새빠르고 무섭게 번지는
8,중국 공산당 64 톈안먼 사태 이후 최대 저항 직면
9,가족 건드린 건 못 참아 한동훈 팬클럽 더탐사 엄벌 탄원서
10,보험금 청구했더니 손해사정사 왔다이래서 소비자 뿔났다
11,뭐하는 회사길래방문판매원 줄어들때 나홀로 21만명 급증
12,1년새 50 오른 가정용 난방유농어촌 겨울나기 어쩌나
13,금융위 은행 예대율 규제 추가 완화은행 자금 공급 여력 85조 늘어
14,日 잠수함 발사형 장사정미사일 반격 수단으로 검토
15,1년 기다렸는데 출고 연기 화물연대 파업에 속타는 그들
16,치솟는 금리에상장사 메자닌 발행도 반토막
17,화물연대 파업 닷새째 컨테이너 반출입량 평시 대비 21시멘트철강정유 타격
18,정부 메타버스 윤리원칙 제정가상공간 윤리이슈에 선제대응
19,코스피 시총 100위에도 좀비기업돈 벌어 이자도 못 갚아
20,민주노총 화물연대 업무개시명령 위험한 발상정부 사과부터
21,줌인 중국산인줄 몰랐네소리소문 없이 美 상륙한 中 전기차
22,뜨거운 감자로 떠오른 종부세다주택자 중과세율 폐지 두고 논란 격화 뉴스
23,이슈 직설 영끌족 금리 인상엔 패닉 한은 베이비스텝엔 안도시장 반전은 힘들 듯 주담대 9 위협
24,산후 부종에는 호박즙 아니죠 아닙니다
25,알고리즘이 인간을 통제하는 시대 소셜 코리아
26,이정근 리스트 이재명에 소총 쐈다면 이번엔 기관총 등장했다
27,외국인에 혼란 준 김김김김김 수비 라인월드컵서 가장 흔한 성데이터 비키니
28,일본 반격능력 명시 유사시 한반도에 개입하겠다 역사로 보는 오늘의 이슈
29,임이자 산업안전 관련 타 상임위와 함께 중대재해감축  구성해 운영지원할 것
30,도시의 일몰
31,해바라기와 파란 하늘
32,브라질에서 열린 게이 프라이드 퍼레이드
